domain,system,question_no,question_id,prompt_type,thinking_level,input_tokens_mean,input_tokens_std,input_tokens_var,input_tokens_count,output_tokens_mean,output_tokens_std,output_tokens_var,output_tokens_count,reasoning_tokens_mean,reasoning_tokens_std,reasoning_tokens_var,reasoning_tokens_count,cached_tokens_mean,cached_tokens_std,cached_tokens_var,cached_tokens_count,tool_tokens_mean,tool_tokens_std,tool_tokens_var,tool_tokens_count,total_tokens_mean,total_tokens_std,total_tokens_var,total_tokens_count,cost_usd_mean,cost_usd_std,cost_usd_var,cost_usd_count,latency_s_mean,latency_s_std,latency_s_var,latency_s_count
cyber_loghub,Android,1,q1_classcast,context,high,2267.0,0.0,0.0,3,436.3333333333333,2.309401076758499,5.333333333333314,3,1051.3333333333333,12.701705922171751,161.33333333333292,3,0.0,0.0,0.0,3,0.0,0.0,0.0,3,3754.6666666666665,15.011106998930238,225.33333333333235,3,0.022386,0.00018013328398716312,3.2447999999999954e-08,3,14.256333333333332,0.4894387942667944,0.23955033333333348,3
cyber_loghub,Android,1,q1_classcast,context,low,2267.0,0.0,0.0,3,267.0,0.0,0.0,3,783.0,0.0,0.0,3,0.0,0.0,0.0,3,0.0,0.0,0.0,3,3317.0,0.0,0.0,3,0.017134,0.0,0.0,3,11.56,1.4596598918926291,2.1306070000000017,3
cyber_loghub,Android,1,q1_classcast,full,high,128969.0,0.0,0.0,3,217.33333333333334,27.153882472555065,737.3333333333331,3,930.0,6.928203230275509,48.0,3,0.0,0.0,0.0,3,0.0,0.0,0.0,3,130116.33333333333,21.939310229207823,481.33333333342307,3,0.271706,0.00026327172275047815,6.931200000000462e-08,3,15.829333333333333,4.277854758326108,18.30004133333333,3
cyber_loghub,Android,1,q1_classcast,full,low,128969.0,0.0,0.0,3,227.33333333333334,8.9628864398325,80.3333333333333,3,960.3333333333334,163.720289925633,26804.333333333332,3,40949.333333333336,70926.32586940714,5030543701.333333,3,0.0,0.0,0.0,3,130156.66666666667,157.9947256503617,24962.333333333056,3,0.19848133333333332,0.12955520785106764,0.016784551881333334,3,17.273333333333333,4.217933893902716,17.790966333333326,3
cyber_loghub,Android,1,q1_classcast,garbage,high,129168.0,0.0,0.0,3,299.0,138.5640646055102,19200.0,3,1098.6666666666667,198.9279601597858,39572.33333333333,3,40952.666666666664,70932.09937209905,5031362721.333334,3,0.0,0.0,0.0,3,130565.66666666667,295.2496119105548,87172.33333333323,3,0.2013933333333333,0.1274007806778802,0.01623095891733333,3,16.836333333333332,4.643593687364704,21.562962333333328,3
cyber_loghub,Android,1,q1_classcast,garbage,low,129168.0,0.0,0.0,3,220.33333333333334,0.5773502691896278,0.3333333333333357,3,1020.6666666666666,44.46721638840613,1977.3333333333348,3,40949.333333333336,70926.32586940714,5030543701.333333,3,0.0,0.0,0.0,3,130409.0,44.170125650715555,1951.0,3,0.19951933333333335,0.1271371482192885,0.016163854457333336,3,13.402333333333333,0.18779332611499616,0.035266333333333295,3
cyber_loghub,Android,2,q2_simpin,context,high,1737.0,0.0,0.0,3,625.0,77.92945527847606,6073.0,3,1536.6666666666667,155.10426600623634,24057.333333333325,3,0.0,0.0,0.0,3,0.0,0.0,0.0,3,3898.6666666666665,97.72580689527894,9550.333333333347,3,0.029414,0.0011727096827433476,1.3752480000000032e-06,3,19.130666666666666,1.3710194503847613,1.879694333333333,3
cyber_loghub,Android,2,q2_simpin,context,low,1737.0,0.0,0.0,3,484.6666666666667,35.218366420567165,1240.333333333333,3,781.3333333333334,16.16580753730953,261.3333333333336,3,0.0,0.0,0.0,3,0.0,0.0,0.0,3,3003.0,19.05255888325765,363.0,3,0.018666,0.00022863070659908985,5.2271999999999106e-08,3,11.752666666666665,0.42786251685948545,0.1830663333333335,3
cyber_loghub,Android,2,q2_simpin,full,high,128933.0,0.0,0.0,3,454.6666666666667,38.21430796617066,1460.333333333334,3,964.3333333333334,92.33814668561058,8526.333333333336,3,81905.33333333333,70932.09937209905,5031362721.333334,3,0.0,0.0,0.0,3,130352.0,130.54118124178285,17041.0,3,0.12746466666666664,0.12912350034495398,0.016672878341333332,3,18.366333333333333,1.086504640272343,1.1804923333333335,3
cyber_loghub,Android,2,q2_simpin,full,low,128933.0,0.0,0.0,3,335.0,79.50471684120383,6321.0,3,479.6666666666667,52.63395608666836,2770.333333333334,3,40949.333333333336,70926.32586940714,5030543701.333333,3,0.0,0.0,0.0,3,129747.66666666667,130.52330570949337,17036.333333333863,3,0.19393333333333332,0.12918159352374212,0.016687884105333332,3,14.314333333333332,1.4545460918559212,2.1157043333333343,3
cyber_loghub,Android,2,q2_simpin,garbage,high,129132.0,0.0,0.0,3,671.0,24.24871130596428,588.0,3,2185.3333333333335,653.5605047226563,427141.33333333326,3,0.0,0.0,0.0,3,0.0,0.0,0.0,3,131988.33333333334,629.3117934166878,396033.333333328,3,0.29253999999999997,0.007551741521000302,5.702879999999995e-05,3,33.01433333333333,6.824874015931235,46.57890533333335,3
cyber_loghub,Android,2,q2_simpin,garbage,low,129132.0,0.0,0.0,3,379.6666666666667,77.36493607140986,5985.333333333334,3,753.0,51.96152422706632,2700.0,3,40949.333333333336,70926.32586940714,5030543701.333333,3,0.0,0.0,0.0,3,130264.66666666667,25.403411844344586,645.3333333333867,3,0.19814733333333331,0.12781984872989535,0.016337913729333332,3,16.249666666666666,0.8675081171570279,0.7525703333333317,3
cyber_loghub,Android,3,q3_powermanager,context,high,2234.0,0.0,0.0,3,131.0,0.0,0.0,3,695.0,0.0,0.0,3,0.0,0.0,0.0,3,0.0,0.0,0.0,3,3060.0,0.0,0.0,3,0.014379999999999999,0.0,0.0,3,8.669333333333332,0.14664696837416386,0.021505333333333012,3
cyber_loghub,Android,3,q3_powermanager,context,low,2234.0,0.0,0.0,3,130.0,0.0,0.0,3,563.0,0.0,0.0,3,0.0,0.0,0.0,3,0.0,0.0,0.0,3,2927.0,0.0,0.0,3,0.012783999999999998,0.0,0.0,3,7.256,0.09637945839233597,0.00928900000000002,3
cyber_loghub,Android,3,q3_powermanager,full,high,128936.0,0.0,0.0,3,315.3333333333333,44.52340208624373,1982.3333333333326,3,3482.6666666666665,335.45541184087836,112530.33333333333,3,81905.33333333333,70932.09937209905,5031362721.333334,3,0.0,0.0,0.0,3,132734.0,366.814667100431,134553.0,3,0.15601866666666667,0.1320033436142181,0.017424882725333334,3,39.295,6.506168073451531,42.330223000000004,3
cyber_loghub,Android,3,q3_powermanager,full,low,128936.0,0.0,0.0,3,216.33333333333334,24.58319208998972,604.3333333333331,3,1700.6666666666667,310.71744935444696,96545.33333333331,3,40949.333333333336,70926.32586940714,5030543701.333333,3,0.0,0.0,0.0,3,130853.0,335.29539215444044,112423.0,3,0.20716733333333334,0.12373120256965635,0.015309410489333335,3,21.97,2.2400140624558587,5.017663,3
cyber_loghub,Android,3,q3_powermanager,garbage,high,129135.0,0.0,0.0,3,350.3333333333333,56.58032638058333,3201.333333333334,3,3425.3333333333335,968.793751700192,938561.3333333334,3,0.0,0.0,0.0,3,0.0,0.0,0.0,3,132910.66666666666,912.2134253196066,832133.3333333295,3,0.303578,0.010946561103835292,0.0001198271999999997,3,36.28066666666667,7.8760777251963,62.03260033333333,3
cyber_loghub,Android,3,q3_powermanager,garbage,low,129135.0,0.0,0.0,3,233.0,15.716233645501712,247.0,3,1758.3333333333333,371.9910393186015,138377.33333333334,3,40949.333333333336,70926.32586940714,5030543701.333333,3,0.0,0.0,0.0,3,131126.33333333334,385.7127601380751,148774.33333333227,3,0.20845733333333336,0.13221495897716465,0.01748079537733333,3,24.239333333333335,3.546031913749979,12.574342333333338,3
cyber_loghub,Hadoop,1,q1_leaserenewer,context,high,2362.0,0.0,0.0,3,622.3333333333334,57.73502691896259,3333.3333333333344,3,1067.3333333333333,26.55811238272277,705.3333333333325,3,0.0,0.0,0.0,3,0.0,0.0,0.0,3,4051.6666666666665,84.29313930168533,7105.333333333328,3,0.024999999999999998,0.0010115176716202258,1.0231680000000027e-06,3,15.667333333333334,1.8813870769550158,3.5396173333333385,3
cyber_loghub,Hadoop,1,q1_leaserenewer,context,low,2362.0,0.0,0.0,3,457.6666666666667,18.475208614068016,341.33333333333303,3,690.6666666666666,16.165807537309504,261.3333333333328,3,0.0,0.0,0.0,3,0.0,0.0,0.0,3,3510.3333333333335,2.309401076758437,5.33333333333303,3,0.018504000000000003,2.771281292110221e-05,7.680000000000095e-10,3,11.152000000000001,0.010816653826390776,0.00011699999999997422,3
cyber_loghub,Hadoop,1,q1_leaserenewer,full,high,184403.0,0.0,0.0,3,760.3333333333334,209.7744820833395,44005.33333333333,3,2952.0,751.8404085974629,565264.0,3,60067.0,104039.09585823976,10824133467.0,3,0.0,0.0,0.0,3,188115.33333333334,936.0113959420187,876117.3333333265,3,0.3052333333333333,0.17760288007049135,0.03154278300933334,3,41.14233333333333,8.908461838798733,79.3606923333333,3
cyber_loghub,Hadoop,1,q1_leaserenewer,full,low,184403.0,0.0,0.0,3,442.3333333333333,66.21429855653034,4384.333333333335,3,1534.6666666666667,346.759763140612,120242.33333333331,3,60063.666666666664,104033.32235554786,10822932160.333334,3,0.0,0.0,0.0,3,186380.0,408.77499923552074,167097.0,3,0.28441533333333335,0.18244028617970687,0.03328445802133334,3,23.006333333333334,3.8478547703016712,14.805986333333326,3
cyber_loghub,Hadoop,1,q1_leaserenewer,garbage,high,184695.0,0.0,0.0,3,579.0,133.83198421901994,17911.0,3,2861.6666666666665,601.3271433532111,361594.3333333333,3,60067.0,104039.09585823976,10824133467.0,3,0.0,0.0,0.0,3,188135.66666666666,581.1379641129377,337721.33333333005,3,0.30255733333333334,0.18046629819812157,0.03256808478533334,3,36.285666666666664,4.288450341712418,18.39080633333335,3
cyber_loghub,Hadoop,1,q1_leaserenewer,garbage,low,184695.0,0.0,0.0,3,430.3333333333333,65.6835849610337,4314.333333333332,3,866.0,208.0264406271472,43275.0,3,120127.33333333333,104033.32235554786,10822932160.333334,3,0.0,0.0,0.0,3,185991.33333333334,194.35620219929325,37774.33333333256,3,0.16871666666666665,0.18849338629600065,0.035529756677333324,3,15.281999999999998,2.9048092880600613,8.437917,3
cyber_loghub,Hadoop,2,q2_taskattempt,context,high,1809.0,0.0,0.0,3,374.0,0.0,0.0,3,2154.0,0.0,0.0,3,0.0,0.0,0.0,3,0.0,0.0,0.0,3,4337.0,0.0,0.0,3,0.033954,0.0,0.0,3,20.725333333333335,0.19211541669874765,0.03690833333333345,3
cyber_loghub,Hadoop,2,q2_taskattempt,context,low,1809.0,0.0,0.0,3,247.33333333333334,10.969655114602888,120.33333333333331,3,1153.0,161.9475223644993,26227.0,3,0.0,0.0,0.0,3,0.0,0.0,0.0,3,3209.3333333333335,165.48816674715238,27386.33333333331,3,0.020422,0.0019858580009658303,3.943632000000004e-06,3,11.579,0.5803645406121911,0.33682299999999965,3
cyber_loghub,Hadoop,2,q2_taskattempt,full,high,184386.0,0.0,0.0,3,317.3333333333333,2.886751345948133,8.333333333333357,3,7678.666666666667,2.8867513459481944,8.333333333333712,3,60067.0,104039.09585823976,10824133467.0,3,0.0,0.0,0.0,3,192382.0,0.0,0.0,3,0.3566033333333333,0.1872704880148854,0.03507023568133334,3,70.91000000000001,2.486332439558311,6.181848999999982,3
cyber_loghub,Hadoop,2,q2_taskattempt,full,low,184386.0,0.0,0.0,3,402.3333333333333,100.68432516202974,10137.333333333336,3,2255.3333333333335,693.1971821446862,480522.33333333326,3,60063.666666666664,104033.32235554786,10822932160.333334,3,0.0,0.0,0.0,3,187043.66666666666,785.8169846302251,617508.3333333394,3,0.29254933333333333,0.1785298388654774,0.03187290336533333,3,30.143333333333334,10.117825326290887,102.3703893333333,3
cyber_loghub,Hadoop,2,q2_taskattempt,garbage,high,184678.0,0.0,0.0,3,303.0,19.05255888325765,363.0,3,7013.666666666667,1157.5872897251998,1340008.3333333337,3,0.0,0.0,0.0,3,0.0,0.0,0.0,3,191994.66666666666,1176.6398486084531,1384481.3333333235,3,0.45715600000000006,0.014119678183301475,0.00019936531199999963,3,66.52066666666667,6.7651634372965,45.76743633333339,3
cyber_loghub,Hadoop,2,q2_taskattempt,garbage,low,184678.0,0.0,0.0,3,252.33333333333334,61.61439225808637,3796.3333333333335,3,2191.3333333333335,422.07147893850083,178144.33333333337,3,120127.33333333333,104033.32235554786,10822932160.333334,3,0.0,0.0,0.0,3,187121.66666666666,450.0781413636192,202570.33333332997,3,0.18245066666666665,0.19181704501251534,0.036793778757333334,3,25.399333333333335,3.7715122077667123,14.224304333333341,3
cyber_loghub,Hadoop,3,q3_container,context,high,1652.0,0.0,0.0,3,428.6666666666667,36.950417228136054,1365.333333333334,3,930.3333333333334,75.05553499465134,5633.333333333331,3,0.0,0.0,0.0,3,0.0,0.0,0.0,3,3011.0,38.1051177665153,1452.0,3,0.019612,0.0004572614131981842,2.0908800000000056e-07,3,12.346333333333334,0.21965730885480098,0.04824933333333343,3
cyber_loghub,Hadoop,3,q3_container,context,low,1652.0,0.0,0.0,3,113.0,45.574115460423364,2077.0,3,458.6666666666667,21.455380055672137,460.3333333333337,3,0.0,0.0,0.0,3,0.0,0.0,0.0,3,2223.6666666666665,58.39805932848564,3410.3333333333285,3,0.010164,0.000700776711941828,4.910879999999998e-07,3,6.007000000000001,0.3859961139700762,0.14899300000000007,3
cyber_loghub,Hadoop,3,q3_container,full,high,184354.0,0.0,0.0,3,286.0,20.074859899884732,403.0,3,488.3333333333333,54.50076452063157,2970.3333333333326,3,60067.0,104039.09585823976,10824133467.0,3,0.0,0.0,0.0,3,185128.33333333334,74.06978691297792,5486.333333333954,3,0.26987933333333336,0.18815730759482432,0.03540317240133334,3,14.034333333333334,2.8239710220420693,7.97481233333333,3
cyber_loghub,Hadoop,3,q3_container,full,low,184354.0,0.0,0.0,3,334.6666666666667,128.46140795325783,16502.333333333336,3,515.0,64.8613906727261,4207.0,3,120127.33333333333,104033.32235554786,10822932160.333334,3,0.0,0.0,0.0,3,185203.66666666666,192.78053152051547,37164.333333332455,3,0.16267466666666666,0.18957068576479155,0.03593704490133334,3,13.563666666666668,3.4729195690849695,12.06117033333333,3
cyber_loghub,Hadoop,3,q3_container,garbage,high,184646.0,0.0,0.0,3,340.3333333333333,107.68627272467617,11596.333333333334,3,1051.3333333333333,65.65312889218102,4310.333333333334,3,16381.666666666666,28373.87897932416,805077008.3333334,3,0.0,0.0,0.0,3,186037.66666666666,170.57940477482578,29097.333333333852,3,0.356505,0.05309693417703137,0.0028192844190000014,3,22.502,2.8221971936772943,7.964796999999995,3
cyber_loghub,Hadoop,3,q3_container,garbage,low,184646.0,0.0,0.0,3,220.0,25.98076211353316,675.0,3,642.6666666666666,7.505553499465143,56.33333333333346,3,60063.666666666664,104033.32235554786,10822932160.333334,3,0.0,0.0,0.0,3,185508.66666666666,33.48631561300039,1121.333333333474,3,0.27152933333333334,0.18705950152112918,0.03499125710933333,3,14.852666666666666,2.3742738539042474,5.637176333333327,3
cyber_loghub,Windows,1,q1_sqm,context,high,1055.0,0.0,0.0,3,400.6666666666667,49.65212315030782,2465.333333333334,3,1142.3333333333333,16.743157806499163,280.3333333333339,3,0.0,0.0,0.0,3,0.0,0.0,0.0,3,2598.0,32.90896534380867,1083.0,3,0.020626000000000002,0.00039490758412570587,1.5595200000000145e-07,3,13.618666666666668,0.08729452063751485,0.007620333333333507,3
cyber_loghub,Windows,1,q1_sqm,context,low,1055.0,0.0,0.0,3,245.33333333333334,2.309401076758499,5.333333333333314,3,465.3333333333333,110.27390141521852,12160.333333333332,3,0.0,0.0,0.0,3,0.0,0.0,0.0,3,1765.6666666666667,107.96450033846006,11656.333333333341,3,0.010638,0.0012955740040615196,1.6785119999999985e-06,3,8.024,0.3479497090097937,0.12106900000000013,3
cyber_loghub,Windows,1,q1_sqm,full,high,121800.0,0.0,0.0,3,232.0,50.22947341949744,2523.0,3,449.6666666666667,98.14954576223639,9633.333333333334,3,38222.0,66202.44596689763,4382763852.0,3,0.0,0.0,0.0,3,122481.66666666667,148.37901918173486,22016.333333333645,3,0.18298033333333333,0.1200646947455135,0.014415530924333337,3,12.554,1.3980482824280425,1.9545389999999998,3
cyber_loghub,Windows,1,q1_sqm,full,low,121800.0,0.0,0.0,3,193.33333333333334,9.451631252505218,89.33333333333336,3,410.3333333333333,57.735026918962575,3333.333333333333,3,38218.666666666664,66196.67246420574,4381999445.333334,3,0.0,0.0,0.0,3,122403.66666666667,51.85878260558636,2689.3333333334667,3,0.18205033333333334,0.11953618960102975,0.014288900624333335,3,10.942666666666668,1.5607310252997892,2.4358813333333313,3
cyber_loghub,Windows,1,q1_sqm,garbage,high,122033.0,0.0,0.0,3,281.3333333333333,4.61880215351701,21.33333333333337,3,564.0,84.870489570875,7203.0,3,0.0,0.0,0.0,3,0.0,0.0,0.0,3,122878.33333333333,80.25168741735693,6440.333333333165,3,0.25421,0.0009630202490082974,9.274080000000031e-07,3,15.424333333333331,5.3818642061402215,28.964462333333316,3
cyber_loghub,Windows,1,q1_sqm,garbage,low,122033.0,0.0,0.0,3,237.66666666666666,29.280255007997003,857.3333333333336,3,483.6666666666667,115.97557214057335,13450.333333333332,3,0.0,0.0,0.0,3,0.0,0.0,0.0,3,122754.33333333333,133.24538766251473,17754.333333333834,3,0.252722,0.0015989446519501407,2.5566239999999564e-06,3,12.938666666666668,2.432612244755281,5.9176023333333285,3
cyber_loghub,Windows,2,q2_wcp,context,high,1009.0,0.0,0.0,3,112.0,0.0,0.0,3,725.6666666666666,1.154700538379268,1.3333333333333712,3,0.0,0.0,0.0,3,0.0,0.0,0.0,3,1846.6666666666667,1.1547005383792186,1.3333333333332575,3,0.012069999999999999,1.3856406460551105e-05,1.920000000000024e-10,3,7.351,0.15703821191034978,0.024660999999999926,3
cyber_loghub,Windows,2,q2_wcp,context,low,1009.0,0.0,0.0,3,112.33333333333333,0.5773502691896278,0.3333333333333357,3,521.6666666666666,2.886751345948145,8.333333333333428,3,0.0,0.0,0.0,3,0.0,0.0,0.0,3,1643.0,3.4641016151377544,12.0,3,0.009626000000000001,4.1569219381653815e-05,1.728000000000063e-09,3,6.0889999999999995,0.2461544230762469,0.06059199999999995,3
cyber_loghub,Windows,2,q2_wcp,full,high,121779.0,0.0,0.0,3,263.0,4.0,16.0,3,869.3333333333334,275.32041939045007,75801.33333333333,3,76444.0,66202.44596689763,4382763852.0,3,0.0,0.0,0.0,3,122911.33333333333,273.1763777000756,74625.33333333435,3,0.11954666666666668,0.11639931467295386,0.013548800456333332,3,12.568,2.291858852547425,5.252617000000001,3
cyber_loghub,Windows,2,q2_wcp,full,low,121779.0,0.0,0.0,3,242.0,2.0,4.0,3,598.6666666666666,38.55299383100271,1486.3333333333328,3,38218.666666666664,66196.67246420574,4381999445.333334,3,0.0,0.0,0.0,3,122619.66666666667,40.37738641038324,1630.3333333334012,3,0.1848523333333333,0.11934894147973552,0.014244169832333333,3,10.915666666666667,1.6954864592008188,2.8746743333333296,3
cyber_loghub,Windows,2,q2_wcp,garbage,high,122012.0,0.0,0.0,3,199.33333333333334,81.92883090422646,6712.333333333333,3,2103.6666666666665,179.11262750943428,32081.333333333354,3,38222.0,66202.44596689763,4382763852.0,3,0.0,0.0,0.0,3,124315.0,256.1503464764395,65613.0,3,0.20286033333333334,0.11637600568989011,0.013543374700333335,3,25.484666666666666,7.895401974145033,62.337372333333285,3
cyber_loghub,Windows,2,q2_wcp,garbage,low,122012.0,0.0,0.0,3,276.3333333333333,21.571586249817923,465.3333333333337,3,1104.6666666666667,280.1880321022533,78505.33333333334,3,38218.666666666664,66196.67246420574,4381999445.333334,3,0.0,0.0,0.0,3,123393.0,276.22454633866266,76300.0,3,0.19180233333333332,0.12013152958459049,0.01443158440033334,3,18.12966666666667,4.720517167994767,22.28328233333333,3
cyber_loghub,Windows,3,q3_manifest,context,high,1446.0,0.0,0.0,3,684.3333333333334,53.30415868704178,2841.3333333333317,3,1324.3333333333333,20.550750189064452,422.3333333333326,3,0.0,0.0,0.0,3,0.0,0.0,0.0,3,3454.6666666666665,41.765216787816854,1744.3333333333387,3,0.026996000000000003,0.0005011826014538029,2.5118400000000144e-07,3,21.087333333333333,2.9875277962444695,8.925322333333337,3
cyber_loghub,Windows,3,q3_manifest,context,low,1446.0,0.0,0.0,3,618.0,0.0,0.0,3,662.0,0.0,0.0,3,0.0,0.0,0.0,3,0.0,0.0,0.0,3,2726.0,0.0,0.0,3,0.018252,0.0,0.0,3,13.094,0.11627983488120408,0.013521000000000085,3
cyber_loghub,Windows,3,q3_manifest,full,high,121785.0,0.0,0.0,3,751.3333333333334,27.934447074057744,780.3333333333331,3,1361.3333333333333,248.77566869236495,61889.33333333333,3,38222.0,66202.44596689763,4382763852.0,3,0.0,0.0,0.0,3,123897.66666666667,273.79250050601024,74962.33333333363,3,0.20012233333333332,0.12005518729456603,0.01441324799633333,3,27.216333333333335,2.889045747878239,8.346585333333334,3
cyber_loghub,Windows,3,q3_manifest,full,low,121785.0,0.0,0.0,3,318.6666666666667,39.25981830489456,1541.3333333333337,3,577.3333333333334,6.3508529610858755,40.33333333333323,3,38218.666666666664,66196.67246420574,4381999445.333334,3,0.0,0.0,0.0,3,122681.0,32.90896534380867,1083.0,3,0.18552833333333332,0.119352069694385,0.014244916540333333,3,23.523,11.576014901510796,134.004121,3
cyber_loghub,Windows,3,q3_manifest,garbage,high,122018.0,0.0,0.0,3,580.3333333333334,96.39674959942027,9292.333333333332,3,1000.0,254.85486065602123,64951.0,3,38222.0,66202.44596689763,4382763852.0,3,0.0,0.0,0.0,3,123598.33333333333,317.54894635840736,100837.33333333467,3,0.19420033333333334,0.11535400893048034,0.013306547376333338,3,21.917,2.113478885629098,4.466793000000013,3
cyber_loghub,Windows,3,q3_manifest,garbage,low,122018.0,0.0,0.0,3,440.3333333333333,12.220201853215574,149.33333333333337,3,477.0,105.70241246064349,11173.0,3,38218.666666666664,66196.67246420574,4381999445.333334,3,0.0,0.0,0.0,3,122935.33333333333,101.4018408774363,10282.33333333291,3,0.18625033333333332,0.12036317647990741,0.014487294252333336,3,14.555666666666667,2.102272659131858,4.4195503333333335,3
